epoch,steps,accuracy_cosinus,accuracy_manhattan,accuracy_euclidean
0,-1,0.6666666666666666,0.5833333333333334,0.6666666666666666
1,-1,0.7083333333333334,0.6666666666666666,0.7083333333333334
2,-1,0.7083333333333334,0.6666666666666666,0.7083333333333334
3,-1,0.75,0.7083333333333334,0.75
4,-1,0.75,0.75,0.75
5,-1,0.75,0.75,0.75
6,-1,0.75,0.75,0.75
7,-1,0.75,0.75,0.75
8,-1,0.75,0.75,0.75
9,-1,0.75,0.75,0.75
